-- MySQL Script generated by MySQL Workbench
-- Wed Nov 14 18:34:18 2018
-- Model: New Model    Version: 1.0
-- MySQL Workbench Forward Engineering

SET @OLD_UNIQUE_CHECKS=@@UNIQUE_CHECKS, UNIQUE_CHECKS=0;
SET @OLD_FOREIGN_KEY_CHECKS=@@FOREIGN_KEY_CHECKS, FOREIGN_KEY_CHECKS=0;
SET @OLD_SQL_MODE=@@SQL_MODE, SQL_MODE='TRADITIONAL,ALLOW_INVALID_DATES';

-- -----------------------------------------------------
-- Schema hospital
-- -----------------------------------------------------

-- -----------------------------------------------------
-- Schema hospital
-- -----------------------------------------------------
CREATE SCHEMA IF NOT EXISTS `hospital` DEFAULT CHARACTER SET utf8 ;
USE `hospital` ;

-- -----------------------------------------------------
-- Table `hospital`.`dane_teleadresowe`
-- -----------------------------------------------------
DROP TABLE IF EXISTS `hospital`.`dane_teleadresowe` ;

CREATE TABLE IF NOT EXISTS `hospital`.`dane_teleadresowe` (
  `id_adres` INT NOT NULL AUTO_INCREMENT,
  `ulica` VARCHAR(100) NOT NULL,
  `nr_budynku` VARCHAR(45) NOT NULL,
  `nr_lokalu` VARCHAR(45) NOT NULL,
  `miasto` VARCHAR(100) NOT NULL,
  `kod_pocztowy` VARCHAR(6) NOT NULL,
  `wojewodztwo` VARCHAR(100) NOT NULL,
  `kraj` VARCHAR(100) NOT NULL,
  `telefon` VARCHAR(11) NOT NULL,
  `email` VARCHAR(45) NOT NULL,
  PRIMARY KEY (`id_adres`),
  UNIQUE INDEX `telefon_UNIQUE` (`telefon` ASC))
ENGINE = InnoDB;


-- -----------------------------------------------------
-- Table `hospital`.`plec`
-- -----------------------------------------------------
DROP TABLE IF EXISTS `hospital`.`plec` ;

CREATE TABLE IF NOT EXISTS `hospital`.`plec` (
  `id_plec` INT NOT NULL AUTO_INCREMENT,
  `nazwa` VARCHAR(45) NOT NULL,
  PRIMARY KEY (`id_plec`),
  UNIQUE INDEX `nazwa_UNIQUE` (`nazwa` ASC))
ENGINE = InnoDB;


-- -----------------------------------------------------
-- Table `hospital`.`role`
-- -----------------------------------------------------
DROP TABLE IF EXISTS `hospital`.`role` ;

CREATE TABLE IF NOT EXISTS `hospital`.`role` (
  `id_role` INT NOT NULL AUTO_INCREMENT,
  `nazwa` VARCHAR(45) NOT NULL,
  PRIMARY KEY (`id_role`),
  UNIQUE INDEX `nazwa_UNIQUE` (`nazwa` ASC))
ENGINE = InnoDB;


-- -----------------------------------------------------
-- Table `hospital`.`Login`
-- -----------------------------------------------------
DROP TABLE IF EXISTS `hospital`.`Login` ;

CREATE TABLE IF NOT EXISTS `hospital`.`Login` (
  `id_login` INT NOT NULL AUTO_INCREMENT,
  `id_role` INT NOT NULL,
  `login` VARCHAR(45) NOT NULL,
  `haslo` VARCHAR(45) NOT NULL,
  PRIMARY KEY (`id_login`, `id_role`),
  UNIQUE INDEX `login_UNIQUE` (`login` ASC),
  INDEX `fk_Login_role1_idx` (`id_role` ASC),
  CONSTRAINT `fk_Login_role1`
    FOREIGN KEY (`id_role`)
    REFERENCES `hospital`.`role` (`id_role`)
    ON DELETE NO ACTION
    ON UPDATE NO ACTION)
ENGINE = InnoDB;


-- -----------------------------------------------------
-- Table `hospital`.`Lekarz`
-- -----------------------------------------------------
DROP TABLE IF EXISTS `hospital`.`Lekarz` ;

CREATE TABLE IF NOT EXISTS `hospital`.`Lekarz` (
  `id_lekarz` INT NOT NULL AUTO_INCREMENT,
  `id_login` INT NOT NULL,
  `id_adres` INT NOT NULL,
  `id_plec` INT NOT NULL,
  `Imie` VARCHAR(45) NOT NULL,
  `Nazwisko` VARCHAR(45) NOT NULL,
  `Data_zatrudnienia` DATE NOT NULL,
  PRIMARY KEY (`id_lekarz`, `id_login`, `id_adres`, `id_plec`),
  INDEX `fk_Lekarz_dane_teleadresowe1_idx` (`id_adres` ASC),
  INDEX `fk_Lekarz_plec1_idx` (`id_plec` ASC),
  INDEX `fk_Lekarz_Login1_idx` (`id_login` ASC),
  CONSTRAINT `fk_Lekarz_dane_teleadresowe1`
    FOREIGN KEY (`id_adres`)
    REFERENCES `hospital`.`dane_teleadresowe` (`id_adres`)
    ON DELETE NO ACTION
    ON UPDATE NO ACTION,
  CONSTRAINT `fk_Lekarz_plec1`
    FOREIGN KEY (`id_plec`)
    REFERENCES `hospital`.`plec` (`id_plec`)
    ON DELETE NO ACTION
    ON UPDATE NO ACTION,
  CONSTRAINT `fk_Lekarz_Login1`
    FOREIGN KEY (`id_login`)
    REFERENCES `hospital`.`Login` (`id_login`)
    ON DELETE NO ACTION
    ON UPDATE NO ACTION)
ENGINE = InnoDB;


-- -----------------------------------------------------
-- Table `hospital`.`Specjalizacja`
-- -----------------------------------------------------
DROP TABLE IF EXISTS `hospital`.`Specjalizacja` ;

CREATE TABLE IF NOT EXISTS `hospital`.`Specjalizacja` (
  `id_specjalizacja` INT NOT NULL AUTO_INCREMENT,
  `nazwa` VARCHAR(100) NOT NULL,
  PRIMARY KEY (`id_specjalizacja`),
  UNIQUE INDEX `nazwa_UNIQUE` (`nazwa` ASC))
ENGINE = InnoDB;


-- -----------------------------------------------------
-- Table `hospital`.`Pacjent`
-- -----------------------------------------------------
DROP TABLE IF EXISTS `hospital`.`Pacjent` ;

CREATE TABLE IF NOT EXISTS `hospital`.`Pacjent` (
  `id_pacjent` INT NOT NULL AUTO_INCREMENT,
  `id_login` INT NOT NULL,
  `id_adres` INT NOT NULL,
  `id_plec` INT NOT NULL,
  `Imie` VARCHAR(45) NOT NULL,
  `Nazwisko` VARCHAR(45) NOT NULL,
  `PESEL` VARCHAR(11) NOT NULL,
  `Data_urodzenia` DATE NOT NULL,
  PRIMARY KEY (`id_pacjent`, `id_login`, `id_adres`, `id_plec`),
  UNIQUE INDEX `PESEL_UNIQUE` (`PESEL` ASC),
  INDEX `fk_Pacjent_dane_teleadresowe1_idx` (`id_adres` ASC),
  INDEX `fk_Pacjent_plec1_idx` (`id_plec` ASC),
  INDEX `fk_Pacjent_Login1_idx` (`id_login` ASC),
  CONSTRAINT `fk_Pacjent_dane_teleadresowe1`
    FOREIGN KEY (`id_adres`)
    REFERENCES `hospital`.`dane_teleadresowe` (`id_adres`)
    ON DELETE NO ACTION
    ON UPDATE NO ACTION,
  CONSTRAINT `fk_Pacjent_plec1`
    FOREIGN KEY (`id_plec`)
    REFERENCES `hospital`.`plec` (`id_plec`)
    ON DELETE NO ACTION
    ON UPDATE NO ACTION,
  CONSTRAINT `fk_Pacjent_Login1`
    FOREIGN KEY (`id_login`)
    REFERENCES `hospital`.`Login` (`id_login`)
    ON DELETE NO ACTION
    ON UPDATE NO ACTION)
ENGINE = InnoDB;


-- -----------------------------------------------------
-- Table `hospital`.`Choroba`
-- -----------------------------------------------------
DROP TABLE IF EXISTS `hospital`.`Choroba` ;

CREATE TABLE IF NOT EXISTS `hospital`.`Choroba` (
  `id_choroba` INT NOT NULL AUTO_INCREMENT,
  `nazwa_choroby` VARCHAR(100) NOT NULL,
  `opis` VARCHAR(500) NOT NULL,
  PRIMARY KEY (`id_choroba`),
  UNIQUE INDEX `nazwa_choroby_UNIQUE` (`nazwa_choroby` ASC))
ENGINE = InnoDB;


-- -----------------------------------------------------
-- Table `hospital`.`Wizyta`
-- -----------------------------------------------------
DROP TABLE IF EXISTS `hospital`.`Wizyta` ;

CREATE TABLE IF NOT EXISTS `hospital`.`Wizyta` (
  `id_wizyta` INT NOT NULL AUTO_INCREMENT,
  `id_pacjent` INT NOT NULL,
  `id_lekarz` INT NOT NULL,
  `id_choroba` INT NOT NULL,
  `data_wizyty` DATE NOT NULL,
  PRIMARY KEY (`id_wizyta`, `id_pacjent`, `id_lekarz`, `id_choroba`),
  INDEX `fk_Pacjent_has_Lekarz_Lekarz1_idx` (`id_lekarz` ASC),
  INDEX `fk_Pacjent_has_Lekarz_Pacjent1_idx` (`id_pacjent` ASC),
  INDEX `fk_Wizyta_Choroba1_idx` (`id_choroba` ASC),
  CONSTRAINT `fk_Pacjent_has_Lekarz_Pacjent1`
    FOREIGN KEY (`id_pacjent`)
    REFERENCES `hospital`.`Pacjent` (`id_pacjent`)
    ON DELETE CASCADE
    ON UPDATE NO ACTION,
  CONSTRAINT `fk_Pacjent_has_Lekarz_Lekarz1`
    FOREIGN KEY (`id_lekarz`)
    REFERENCES `hospital`.`Lekarz` (`id_lekarz`)
    ON DELETE NO ACTION
    ON UPDATE NO ACTION,
  CONSTRAINT `fk_Wizyta_Choroba1`
    FOREIGN KEY (`id_choroba`)
    REFERENCES `hospital`.`Choroba` (`id_choroba`)
    ON DELETE NO ACTION
    ON UPDATE NO ACTION)
ENGINE = InnoDB;


-- -----------------------------------------------------
-- Table `hospital`.`Lekarz_Specjalizacja`
-- -----------------------------------------------------
DROP TABLE IF EXISTS `hospital`.`Lekarz_Specjalizacja` ;

CREATE TABLE IF NOT EXISTS `hospital`.`Lekarz_Specjalizacja` (
  `id` INT NOT NULL AUTO_INCREMENT,
  `id_lekarz` INT NOT NULL,
  `id_specjalizacja` INT NOT NULL,
  PRIMARY KEY (`id`, `id_lekarz`, `id_specjalizacja`),
  INDEX `fk_Lekarz_has_Specjalizacja_Specjalizacja1_idx` (`id_specjalizacja` ASC),
  INDEX `fk_Lekarz_has_Specjalizacja_Lekarz1_idx` (`id_lekarz` ASC),
  CONSTRAINT `fk_Lekarz_has_Specjalizacja_Lekarz1`
    FOREIGN KEY (`id_lekarz`)
    REFERENCES `hospital`.`Lekarz` (`id_lekarz`)
    ON DELETE CASCADE
    ON UPDATE NO ACTION,
  CONSTRAINT `fk_Lekarz_has_Specjalizacja_Specjalizacja1`
    FOREIGN KEY (`id_specjalizacja`)
    REFERENCES `hospital`.`Specjalizacja` (`id_specjalizacja`)
    ON DELETE NO ACTION
    ON UPDATE NO ACTION)
ENGINE = InnoDB;


SET SQL_MODE=@OLD_SQL_MODE;
SET FOREIGN_KEY_CHECKS=@OLD_FOREIGN_KEY_CHECKS;
SET UNIQUE_CHECKS=@OLD_UNIQUE_CHECKS;

-- -----------------------------------------------------
-- Data for table `hospital`.`dane_teleadresowe`
-- -----------------------------------------------------
START TRANSACTION;
USE `hospital`;
INSERT INTO `hospital`.`dane_teleadresowe` (`id_adres`, `ulica`, `nr_budynku`, `nr_lokalu`, `miasto`, `kod_pocztowy`, `wojewodztwo`, `kraj`, `telefon`, `email`) VALUES (1, 'Elektryczna', '5', '1', 'Warszawa', '02-567', 'Mazowieckie', 'Polska ', '664-453-555', 'jan.nowak@onet.pl');
INSERT INTO `hospital`.`dane_teleadresowe` (`id_adres`, `ulica`, `nr_budynku`, `nr_lokalu`, `miasto`, `kod_pocztowy`, `wojewodztwo`, `kraj`, `telefon`, `email`) VALUES (2, 'Maja', '3', '45', 'Warszawa', '02-600', 'Mazowieckie', 'Polska', '982-765-450', 'alicja.kot@gmail.com');
INSERT INTO `hospital`.`dane_teleadresowe` (`id_adres`, `ulica`, `nr_budynku`, `nr_lokalu`, `miasto`, `kod_pocztowy`, `wojewodztwo`, `kraj`, `telefon`, `email`) VALUES (3, 'Fort Bema', '8', '23', 'Łódź', '90-026', 'Łódzkie', 'Polska', '675-980-879', 'joanna.nowak@o2.pl');
INSERT INTO `hospital`.`dane_teleadresowe` (`id_adres`, `ulica`, `nr_budynku`, `nr_lokalu`, `miasto`, `kod_pocztowy`, `wojewodztwo`, `kraj`, `telefon`, `email`) VALUES (4, 'Bankowa', '12', '76', 'Marki', '05-270', 'Mazowieckie', 'Polska', '987-654-765', 'kamil.matuasiak45@gmail.com');
INSERT INTO `hospital`.`dane_teleadresowe` (`id_adres`, `ulica`, `nr_budynku`, `nr_lokalu`, `miasto`, `kod_pocztowy`, `wojewodztwo`, `kraj`, `telefon`, `email`) VALUES (5, 'Mikołaja Kopernika', '1', '3', 'Toruń', '85-825', 'Kujawsko-Pomorskie', 'Polska', '876-657-456', 'gardziel@yahoo.com');
INSERT INTO `hospital`.`dane_teleadresowe` (`id_adres`, `ulica`, `nr_budynku`, `nr_lokalu`, `miasto`, `kod_pocztowy`, `wojewodztwo`, `kraj`, `telefon`, `email`) VALUES (6, 'Etiudy Rewolucyjnej', '10', '25', 'Warszawa', '02-345', 'Mazowieckie', 'Polska', '987-234-568', 'l.jerzyszpik@gmail.com');
INSERT INTO `hospital`.`dane_teleadresowe` (`id_adres`, `ulica`, `nr_budynku`, `nr_lokalu`, `miasto`, `kod_pocztowy`, `wojewodztwo`, `kraj`, `telefon`, `email`) VALUES (7, 'Chłodna', '2', '10', 'Warszawa', '02-245', 'Mazowieckie', 'Polska', '667-786-986', 'annakus.lekarz@onet.pl');
INSERT INTO `hospital`.`dane_teleadresowe` (`id_adres`, `ulica`, `nr_budynku`, `nr_lokalu`, `miasto`, `kod_pocztowy`, `wojewodztwo`, `kraj`, `telefon`, `email`) VALUES (8, 'Nowowiejska', '45', '12', 'Warszawa', '02-500', 'Mazowieckie', 'Polska', '676-546-876', 'mzgliczynska@gmail.com');
INSERT INTO `hospital`.`dane_teleadresowe` (`id_adres`, `ulica`, `nr_budynku`, `nr_lokalu`, `miasto`, `kod_pocztowy`, `wojewodztwo`, `kraj`, `telefon`, `email`) VALUES (9, 'Woronicza', '5', '32', 'Warszawa', '02-360', 'Mazowieckie', 'Polska', '514-675-879', 'andrzejder@o2.pl');
INSERT INTO `hospital`.`dane_teleadresowe` (`id_adres`, `ulica`, `nr_budynku`, `nr_lokalu`, `miasto`, `kod_pocztowy`, `wojewodztwo`, `kraj`, `telefon`, `email`) VALUES (10, 'Broniewskiego', '2', '38', 'Warszawa', '02-600', 'Mazowieckie', 'Polska', '663-843-764', 'katarzyna.tobisz@gmail.com');
INSERT INTO `hospital`.`dane_teleadresowe` (`id_adres`, `ulica`, `nr_budynku`, `nr_lokalu`, `miasto`, `kod_pocztowy`, `wojewodztwo`, `kraj`, `telefon`, `email`) VALUES (11, 'Puławska', '5', '25', 'Piaseczno', '02-523', 'Mazowieckie', 'Polska', '563-765-653', 'wiolagor@onet.com.pl');
INSERT INTO `hospital`.`dane_teleadresowe` (`id_adres`, `ulica`, `nr_budynku`, `nr_lokalu`, `miasto`, `kod_pocztowy`, `wojewodztwo`, `kraj`, `telefon`, `email`) VALUES (12, 'Modzelewskiego', '2', '5', 'Ząbki', '03-213', 'Mazowieckie', 'Polska', '565-324-645', 'sskowyrlek@gmail.com');

COMMIT;


-- -----------------------------------------------------
-- Data for table `hospital`.`plec`
-- -----------------------------------------------------
START TRANSACTION;
USE `hospital`;
INSERT INTO `hospital`.`plec` (`id_plec`, `nazwa`) VALUES (1, 'Kobieta');
INSERT INTO `hospital`.`plec` (`id_plec`, `nazwa`) VALUES (2, 'Mężczyzna');

COMMIT;


-- -----------------------------------------------------
-- Data for table `hospital`.`role`
-- -----------------------------------------------------
START TRANSACTION;
USE `hospital`;
INSERT INTO `hospital`.`role` (`id_role`, `nazwa`) VALUES (1, 'Lekarz');
INSERT INTO `hospital`.`role` (`id_role`, `nazwa`) VALUES (2, 'Pacjent');

COMMIT;


-- -----------------------------------------------------
-- Data for table `hospital`.`Login`
-- -----------------------------------------------------
START TRANSACTION;
USE `hospital`;
INSERT INTO `hospital`.`Login` (`id_login`, `id_role`, `login`, `haslo`) VALUES (1, 2, 'jkowalski', 'test');
INSERT INTO `hospital`.`Login` (`id_login`, `id_role`, `login`, `haslo`) VALUES (2, 2, 'akot', 'test1');
INSERT INTO `hospital`.`Login` (`id_login`, `id_role`, `login`, `haslo`) VALUES (3, 2, 'jnowak', 'test2');
INSERT INTO `hospital`.`Login` (`id_login`, `id_role`, `login`, `haslo`) VALUES (4, 2, 'kmatusiak', 'test3');
INSERT INTO `hospital`.`Login` (`id_login`, `id_role`, `login`, `haslo`) VALUES (5, 2, 'jgardziel', 'test4');
INSERT INTO `hospital`.`Login` (`id_login`, `id_role`, `login`, `haslo`) VALUES (6, 1, 'jszpik', 'test6');
INSERT INTO `hospital`.`Login` (`id_login`, `id_role`, `login`, `haslo`) VALUES (7, 1, 'akus', 'test5');
INSERT INTO `hospital`.`Login` (`id_login`, `id_role`, `login`, `haslo`) VALUES (8, 1, 'mzgliczynska', 'test7');
INSERT INTO `hospital`.`Login` (`id_login`, `id_role`, `login`, `haslo`) VALUES (9, 1, 'mderen', 'test8');
INSERT INTO `hospital`.`Login` (`id_login`, `id_role`, `login`, `haslo`) VALUES (10, 1, 'ktobisz', 'test9');
INSERT INTO `hospital`.`Login` (`id_login`, `id_role`, `login`, `haslo`) VALUES (11, 1, 'wgorka', 'test10');
INSERT INTO `hospital`.`Login` (`id_login`, `id_role`, `login`, `haslo`) VALUES (12, 1, 'sskowyr', 'test11');

COMMIT;


-- -----------------------------------------------------
-- Data for table `hospital`.`Lekarz`
-- -----------------------------------------------------
START TRANSACTION;
USE `hospital`;
INSERT INTO `hospital`.`Lekarz` (`id_lekarz`, `id_login`, `id_adres`, `id_plec`, `Imie`, `Nazwisko`, `Data_zatrudnienia`) VALUES (1, 1, 6, 2, 'Jerzy', 'Szpik', '2016-09-23');
INSERT INTO `hospital`.`Lekarz` (`id_lekarz`, `id_login`, `id_adres`, `id_plec`, `Imie`, `Nazwisko`, `Data_zatrudnienia`) VALUES (2, 2, 7, 1, 'Anna', 'Kus', '2014-08-17');
INSERT INTO `hospital`.`Lekarz` (`id_lekarz`, `id_login`, `id_adres`, `id_plec`, `Imie`, `Nazwisko`, `Data_zatrudnienia`) VALUES (3, 3, 8, 1, 'Małgorzata', 'Zgliczyńska', '2010-06-05');
INSERT INTO `hospital`.`Lekarz` (`id_lekarz`, `id_login`, `id_adres`, `id_plec`, `Imie`, `Nazwisko`, `Data_zatrudnienia`) VALUES (4, 4, 9, 2, 'Andrzej', 'Dereń', '2012-12-14');
INSERT INTO `hospital`.`Lekarz` (`id_lekarz`, `id_login`, `id_adres`, `id_plec`, `Imie`, `Nazwisko`, `Data_zatrudnienia`) VALUES (5, 5, 10, 1, 'Katarzyna', 'Tobisz', '2017-02-02');
INSERT INTO `hospital`.`Lekarz` (`id_lekarz`, `id_login`, `id_adres`, `id_plec`, `Imie`, `Nazwisko`, `Data_zatrudnienia`) VALUES (6, 6, 11, 1, 'Wioletta', 'Górka', '2011-10-21');
INSERT INTO `hospital`.`Lekarz` (`id_lekarz`, `id_login`, `id_adres`, `id_plec`, `Imie`, `Nazwisko`, `Data_zatrudnienia`) VALUES (7, 7, 12, 2, 'Sebastian', 'Skowyr', '2018-04-12');

COMMIT;


-- -----------------------------------------------------
-- Data for table `hospital`.`Specjalizacja`
-- -----------------------------------------------------
START TRANSACTION;
USE `hospital`;
INSERT INTO `hospital`.`Specjalizacja` (`id_specjalizacja`, `nazwa`) VALUES (1, 'Internista');
INSERT INTO `hospital`.`Specjalizacja` (`id_specjalizacja`, `nazwa`) VALUES (2, 'Chirurg');
INSERT INTO `hospital`.`Specjalizacja` (`id_specjalizacja`, `nazwa`) VALUES (3, 'Ortopeda');
INSERT INTO `hospital`.`Specjalizacja` (`id_specjalizacja`, `nazwa`) VALUES (4, 'Dermatolog');
INSERT INTO `hospital`.`Specjalizacja` (`id_specjalizacja`, `nazwa`) VALUES (5, 'Endokrynolog');
INSERT INTO `hospital`.`Specjalizacja` (`id_specjalizacja`, `nazwa`) VALUES (6, 'Onkolog');
INSERT INTO `hospital`.`Specjalizacja` (`id_specjalizacja`, `nazwa`) VALUES (7, 'Ginekolog');
INSERT INTO `hospital`.`Specjalizacja` (`id_specjalizacja`, `nazwa`) VALUES (8, 'Kardiolog');

COMMIT;


-- -----------------------------------------------------
-- Data for table `hospital`.`Pacjent`
-- -----------------------------------------------------
START TRANSACTION;
USE `hospital`;
INSERT INTO `hospital`.`Pacjent` (`id_pacjent`, `id_login`, `id_adres`, `id_plec`, `Imie`, `Nazwisko`, `PESEL`, `Data_urodzenia`) VALUES (1, 2, 1, 2, 'Jan', 'Kowalski', '85012509876', '1985-01-25');
INSERT INTO `hospital`.`Pacjent` (`id_pacjent`, `id_login`, `id_adres`, `id_plec`, `Imie`, `Nazwisko`, `PESEL`, `Data_urodzenia`) VALUES (2, 2, 2, 1, 'Alicja', 'Kot', '95053008567', '1995-05-30');
INSERT INTO `hospital`.`Pacjent` (`id_pacjent`, `id_login`, `id_adres`, `id_plec`, `Imie`, `Nazwisko`, `PESEL`, `Data_urodzenia`) VALUES (3, 2, 3, 1, 'Joanna', 'Nowak', '80041504130', '1980-04-15');
INSERT INTO `hospital`.`Pacjent` (`id_pacjent`, `id_login`, `id_adres`, `id_plec`, `Imie`, `Nazwisko`, `PESEL`, `Data_urodzenia`) VALUES (4, 2, 4, 2, 'Kamil', 'Matusiak', '85040118368', '1985-04-01');
INSERT INTO `hospital`.`Pacjent` (`id_pacjent`, `id_login`, `id_adres`, `id_plec`, `Imie`, `Nazwisko`, `PESEL`, `Data_urodzenia`) VALUES (5, 2, 5, 2, 'Jan', 'Gardziel', '83012508999', '1983-01-25');

COMMIT;


-- -----------------------------------------------------
-- Data for table `hospital`.`Choroba`
-- -----------------------------------------------------
START TRANSACTION;
USE `hospital`;
INSERT INTO `hospital`.`Choroba` (`id_choroba`, `nazwa_choroby`, `opis`) VALUES (1, 'Grypa', 'Grypa to zespół objawów klinicznych, które mają związek z ostrym zakażeniem układu oddechowego');
INSERT INTO `hospital`.`Choroba` (`id_choroba`, `nazwa_choroby`, `opis`) VALUES (2, 'Palec Młoteczkowaty', 'Zniekształcenie, które polega na przykurczu zgięciowym palca (najczęściej drugiego, ponieważ jest najdłuższy) w stawie międzypaliczkowym bliższym (tzw. staw PIP) stopy.');
INSERT INTO `hospital`.`Choroba` (`id_choroba`, `nazwa_choroby`, `opis`) VALUES (3, 'Zapelenie atopowe skóry', 'Bardzo typowym dla AZS objawem podmiotowym jest nasilony świąd skóry oraz obejmowanie zapalnym procesem atopowym innych narządów i układów poza skórą.');
INSERT INTO `hospital`.`Choroba` (`id_choroba`, `nazwa_choroby`, `opis`) VALUES (4, 'Niedoczynność tarczycy', 'Niedoczynność tarczycy (hypothyreosis) spowodowana jest niedoborem hormonów tarczycy.');
INSERT INTO `hospital`.`Choroba` (`id_choroba`, `nazwa_choroby`, `opis`) VALUES (5, 'Nadczynność tarczycy', 'Nadczynność tarczycy to choroba, której istotą jest nadmierne wydzielanie hormonów tarczycy');

COMMIT;


-- -----------------------------------------------------
-- Data for table `hospital`.`Wizyta`
-- -----------------------------------------------------
START TRANSACTION;
USE `hospital`;
INSERT INTO `hospital`.`Wizyta` (`id_wizyta`, `id_pacjent`, `id_lekarz`, `id_choroba`, `data_wizyty`) VALUES (1, 1, 2, 1, '2018-06-25');
INSERT INTO `hospital`.`Wizyta` (`id_wizyta`, `id_pacjent`, `id_lekarz`, `id_choroba`, `data_wizyty`) VALUES (2, 2, 4, 2, '2018-07-15');
INSERT INTO `hospital`.`Wizyta` (`id_wizyta`, `id_pacjent`, `id_lekarz`, `id_choroba`, `data_wizyty`) VALUES (3, 3, 6, 3, '2018-09-20');
INSERT INTO `hospital`.`Wizyta` (`id_wizyta`, `id_pacjent`, `id_lekarz`, `id_choroba`, `data_wizyty`) VALUES (4, 4, 3, 4, '2018-04-30');
INSERT INTO `hospital`.`Wizyta` (`id_wizyta`, `id_pacjent`, `id_lekarz`, `id_choroba`, `data_wizyty`) VALUES (5, 5, 3, 5, '2018-03-08');

COMMIT;


-- -----------------------------------------------------
-- Data for table `hospital`.`Lekarz_Specjalizacja`
-- -----------------------------------------------------
START TRANSACTION;
USE `hospital`;
INSERT INTO `hospital`.`Lekarz_Specjalizacja` (`id`, `id_lekarz`, `id_specjalizacja`) VALUES (1, 1, 2);
INSERT INTO `hospital`.`Lekarz_Specjalizacja` (`id`, `id_lekarz`, `id_specjalizacja`) VALUES (2, 1, 6);
INSERT INTO `hospital`.`Lekarz_Specjalizacja` (`id`, `id_lekarz`, `id_specjalizacja`) VALUES (3, 2, 1);
INSERT INTO `hospital`.`Lekarz_Specjalizacja` (`id`, `id_lekarz`, `id_specjalizacja`) VALUES (4, 3, 2);
INSERT INTO `hospital`.`Lekarz_Specjalizacja` (`id`, `id_lekarz`, `id_specjalizacja`) VALUES (5, 3, 5);
INSERT INTO `hospital`.`Lekarz_Specjalizacja` (`id`, `id_lekarz`, `id_specjalizacja`) VALUES (6, 4, 2);
INSERT INTO `hospital`.`Lekarz_Specjalizacja` (`id`, `id_lekarz`, `id_specjalizacja`) VALUES (7, 4, 3);
INSERT INTO `hospital`.`Lekarz_Specjalizacja` (`id`, `id_lekarz`, `id_specjalizacja`) VALUES (8, 5, 2);
INSERT INTO `hospital`.`Lekarz_Specjalizacja` (`id`, `id_lekarz`, `id_specjalizacja`) VALUES (9, 5, 7);
INSERT INTO `hospital`.`Lekarz_Specjalizacja` (`id`, `id_lekarz`, `id_specjalizacja`) VALUES (10, 6, 4);
INSERT INTO `hospital`.`Lekarz_Specjalizacja` (`id`, `id_lekarz`, `id_specjalizacja`) VALUES (11, 7, 2);
INSERT INTO `hospital`.`Lekarz_Specjalizacja` (`id`, `id_lekarz`, `id_specjalizacja`) VALUES (12, 7, 8);

COMMIT;

